OpenTime,Open,High,Low,Close,Volume,tenkan_sen,kijun_sen,senkou_span_a,senkou_span_b,chikou_span
2020-11-26 15:00:00,0.2945,0.3143,0.2938,0.309,4274673.76000000,,,,,0.2975
2020-11-26 16:00:00,0.3089,0.3146,0.2907,0.2938,5038000.21000000,,,,,0.2955
2020-11-26 17:00:00,0.2929,0.2932,0.2733,0.2909,4540490.68000000,,,,,0.3002
2020-11-26 18:00:00,0.2906,0.2921,0.2833,0.2846,1494836.29000000,,,,,0.2984
2020-11-26 19:00:00,0.2844,0.2913,0.2799,0.2878,1945455.35000000,,,,,0.3108
2020-11-26 20:00:00,0.2881,0.3034,0.2868,0.3026,2104661.84000000,,,,,0.3056
2020-11-26 21:00:00,0.3029,0.3038,0.2943,0.2962,1201854.23000000,,,,,0.302
2020-11-26 22:00:00,0.2964,0.3042,0.296,0.3012,796634.34000000,,,,,0.3019
2020-11-26 23:00:00,0.3012,0.302,0.2926,0.3016,1005057.87000000,,,,,0.3008
2020-11-27 00:00:00,0.3016,0.3168,0.2997,0.3146,1828381.31000000,,,,,0.3005
2020-11-27 01:00:00,0.315,0.3165,0.3071,0.3098,1354224.09000000,,,,,0.3014
2020-11-27 02:00:00,0.3101,0.3124,0.2996,0.3014,1338789.39000000,,,,,0.2958
2020-11-27 03:00:00,0.3016,0.3077,0.3007,0.3027,805424.49000000,,,,,0.2979
2020-11-27 04:00:00,0.303,0.3092,0.3017,0.304,687699.44000000,,,,,0.3057
2020-11-27 05:00:00,0.304,0.3112,0.304,0.3066,651381.49000000,,,,,0.3079
2020-11-27 06:00:00,0.3066,0.3085,0.3047,0.307,352866.38000000,,,,,0.3087
2020-11-27 07:00:00,0.3073,0.3074,0.2983,0.3006,708733.31000000,,,,,0.3175
2020-11-27 08:00:00,0.3006,0.3017,0.2911,0.2972,1483253.80000000,,,,,0.3183
2020-11-27 09:00:00,0.2969,0.3024,0.2917,0.294,1389337.59000000,,,,,0.3205
2020-11-27 10:00:00,0.2941,0.299,0.2931,0.2984,807049.72000000,0.29505000000000003,,,,0.3163
2020-11-27 11:00:00,0.2976,0.2976,0.2878,0.2893,1037416.45000000,0.29505000000000003,,,,0.3155
2020-11-27 12:00:00,0.2897,0.2968,0.2888,0.2952,691818.41000000,0.29505000000000003,,,,0.3171
2020-11-27 13:00:00,0.295,0.2969,0.2933,0.2935,498294.01000000,0.29835,,,,0.3194
2020-11-27 14:00:00,0.2935,0.2982,0.2889,0.2925,1106904.97000000,0.29835,,,,0.3107
2020-11-27 15:00:00,0.2927,0.2927,0.2853,0.2867,1157221.90000000,0.30105000000000004,,,,0.3155
2020-11-27 16:00:00,0.2867,0.2985,0.2848,0.2975,987371.22000000,0.3008,,,,0.3136
2020-11-27 17:00:00,0.2972,0.2977,0.2948,0.2974,409687.59000000,0.3008,,,,0.3127
2020-11-27 18:00:00,0.2974,0.3019,0.2958,0.2968,538853.89000000,0.3008,,,,0.3083
2020-11-27 19:00:00,0.2965,0.2987,0.2945,0.2949,365773.75000000,0.3008,,,,0.302
2020-11-27 20:00:00,0.295,0.3,0.2932,0.2997,844346.21000000,0.30065,,,,0.3057
2020-11-27 21:00:00,0.2999,0.2999,0.2944,0.2975,728308.52000000,0.2986,,,,0.3102
2020-11-27 22:00:00,0.2979,0.2994,0.295,0.2955,411848.07000000,0.298,,,,0.3073
2020-11-27 23:00:00,0.2956,0.3003,0.2956,0.3002,356747.74000000,0.298,,,,0.3082
2020-11-28 00:00:00,0.3004,0.3024,0.2956,0.2984,1088480.54000000,0.298,,,,0.3078
2020-11-28 01:00:00,0.2986,0.3121,0.2979,0.3108,1722235.20000000,0.29845,,,,0.3155
2020-11-28 02:00:00,0.3107,0.3107,0.3049,0.3056,945507.05000000,0.29845,,,,0.3155
2020-11-28 03:00:00,0.3052,0.3058,0.3012,0.302,426649.62000000,0.29845,,,,0.3212
2020-11-28 04:00:00,0.3023,0.3034,0.2986,0.3019,291895.00000000,0.29845,,,,0.3227
2020-11-28 05:00:00,0.3021,0.3025,0.2989,0.3008,312432.48000000,0.29845,,,,0.3179
2020-11-28 06:00:00,0.3014,0.3023,0.2978,0.3005,226727.97000000,0.29845,,,,0.3177
2020-11-28 07:00:00,0.3009,0.3022,0.3004,0.3014,189230.26000000,0.29845,,,,0.3197
2020-11-28 08:00:00,0.3016,0.3025,0.2951,0.2958,457147.65000000,0.29845,,,,0.3164
2020-11-28 09:00:00,0.2961,0.2988,0.2954,0.2979,345940.14000000,0.29845,,,,0.3157
2020-11-28 10:00:00,0.2982,0.3066,0.2972,0.3057,621922.70000000,0.29845,,,,0.3124
2020-11-28 11:00:00,0.3055,0.3094,0.3031,0.3079,655270.28000000,0.29845,,,,0.314
2020-11-28 12:00:00,0.3076,0.3105,0.3075,0.3087,745370.20000000,0.30265,,,,0.312
2020-11-28 13:00:00,0.3089,0.3175,0.3077,0.3175,1289529.51000000,0.30535,,,,0.3105
2020-11-28 14:00:00,0.3174,0.3204,0.3146,0.3183,1368835.88000000,0.3068,,,,0.3161
2020-11-28 15:00:00,0.3187,0.3215,0.3165,0.3205,1276270.38000000,0.30735,,,,0.3151
2020-11-28 16:00:00,0.3206,0.3244,0.3151,0.3163,1722067.97000000,0.3094,,,,0.3149
2020-11-28 17:00:00,0.3166,0.3185,0.3103,0.3155,1583861.06000000,0.3097,,,,0.3171
2020-11-28 18:00:00,0.3152,0.3182,0.3138,0.3171,870006.27000000,0.30974999999999997,,,,0.3253
2020-11-28 19:00:00,0.3169,0.3205,0.3162,0.3194,908709.73000000,0.30974999999999997,,,,0.3266
2020-11-28 20:00:00,0.3197,0.3197,0.3102,0.3107,1226831.66000000,0.30974999999999997,,,,0.3227
2020-11-28 21:00:00,0.311,0.3156,0.3108,0.3155,643070.85000000,0.30974999999999997,,,,0.3259
2020-11-28 22:00:00,0.3152,0.3166,0.3119,0.3136,746469.47000000,0.30974999999999997,,,,0.3234
2020-11-28 23:00:00,0.3137,0.3164,0.3107,0.3127,573068.99000000,0.30974999999999997,,,,0.3234
2020-11-29 00:00:00,0.3125,0.3144,0.3032,0.3083,1437168.07000000,0.30974999999999997,,,,0.3269
2020-11-29 01:00:00,0.3082,0.3089,0.3007,0.302,650313.11000000,0.30974999999999997,,,,0.3186
2020-11-29 02:00:00,0.3022,0.3065,0.3015,0.3057,248253.36000000,0.30974999999999997,0.29885,,,0.3177
2020-11-29 03:00:00,0.3055,0.3102,0.3055,0.3102,660441.23000000,0.30974999999999997,0.29885,,,0.3189
2020-11-29 04:00:00,0.3097,0.3098,0.3067,0.3073,250288.43000000,0.3099,0.29885,,,0.3212
2020-11-29 05:00:00,0.307,0.3106,0.3065,0.3082,219226.12000000,0.3108,0.30215000000000003,,,0.3208
2020-11-29 06:00:00,0.3082,0.3084,0.3057,0.3078,254723.79000000,0.31255,0.30215000000000003,,,0.3234
2020-11-29 07:00:00,0.3076,0.3159,0.3059,0.3155,536841.08000000,0.31255,0.3046,,,0.327
2020-11-29 08:00:00,0.3155,0.3181,0.313,0.3155,731325.45000000,0.31255,0.3046,,,0.3243
2020-11-29 09:00:00,0.3154,0.324,0.3138,0.3212,2023365.18000000,0.31255,0.3046,,,0.3289
2020-11-29 10:00:00,0.3211,0.323,0.3182,0.3227,965130.99000000,0.31255,0.3046,,,0.3275
2020-11-29 11:00:00,0.3228,0.3242,0.3158,0.3179,958850.92000000,0.31255,0.3046,,,0.3275
2020-11-29 12:00:00,0.3186,0.3215,0.3153,0.3177,965125.48000000,0.31245,0.3046,,,0.3269
2020-11-29 13:00:00,0.3179,0.3198,0.3162,0.3197,513201.79000000,0.31245,0.3046,,,0.327
2020-11-29 14:00:00,0.3198,0.3225,0.3158,0.3164,840621.12000000,0.31245,0.3046,,,0.3252
2020-11-29 15:00:00,0.3165,0.3174,0.3133,0.3157,886847.73000000,0.31245,0.3046,,,0.326
2020-11-29 16:00:00,0.3156,0.3171,0.3082,0.3124,1502622.73000000,0.31245,0.3046,,,0.3289
2020-11-29 17:00:00,0.3123,0.315,0.3112,0.314,725377.73000000,0.31245,0.3046,,,0.3222
2020-11-29 18:00:00,0.3142,0.3142,0.3092,0.312,445818.07000000,0.31245,0.3046,,,0.3258
2020-11-29 19:00:00,0.3121,0.3124,0.3097,0.3105,393306.19000000,0.31245,0.3046,,,0.33
2020-11-29 20:00:00,0.3105,0.3161,0.3105,0.3161,695542.80000000,0.31245,0.3046,,,0.3288
2020-11-29 21:00:00,0.316,0.3192,0.3144,0.3151,899053.44000000,0.31284999999999996,0.3046,,,0.3266
2020-11-29 22:00:00,0.3152,0.3169,0.312,0.3149,588265.44000000,0.31484999999999996,0.3046,,,0.33
2020-11-29 23:00:00,0.3152,0.3176,0.3152,0.3171,737198.98000000,0.31495,0.3046,,,0.3299
2020-11-30 00:00:00,0.3173,0.3258,0.3173,0.3253,2477556.90000000,0.31575,0.3053,,,0.3418
2020-11-30 01:00:00,0.3257,0.3326,0.3247,0.3266,1986225.32000000,0.31915000000000004,0.3087,,,0.3403
2020-11-30 02:00:00,0.3268,0.3279,0.3225,0.3227,1476389.53000000,0.31925000000000003,0.3087,,,0.3439
2020-11-30 03:00:00,0.3226,0.329,0.3222,0.3259,956540.41000000,0.3204,0.3087,,,0.3444
2020-11-30 04:00:00,0.3259,0.326,0.3205,0.3234,529677.61000000,0.3204,0.3129,,,0.3335
2020-11-30 05:00:00,0.3235,0.3281,0.3209,0.3234,1017681.65000000,0.3204,0.3129,,,0.3095
2020-11-30 07:00:00,0.3231,0.332,0.3226,0.3269,1354120.30000000,0.3204,0.3129,,,0.3138
2020-11-30 08:00:00,0.327,0.328,0.3146,0.3186,2283220.49000000,0.3204,0.3129,,,0.3194
2020-11-30 09:00:00,0.3185,0.32,0.3125,0.3177,958555.29000000,0.3204,0.3135,0.3043,,0.3182
2020-11-30 10:00:00,0.3179,0.322,0.3168,0.3189,845703.07000000,0.3204,0.31379999999999997,0.3043,,0.3118
2020-11-30 11:00:00,0.319,0.3235,0.319,0.3212,659909.61000000,0.3204,0.31384999999999996,0.304375,,0.314
2020-11-30 12:00:00,0.3212,0.3245,0.3208,0.3208,596093.23000000,0.3204,0.31384999999999996,0.30647500000000005,,0.307
2020-11-30 13:00:00,0.3212,0.3247,0.3158,0.3234,1326773.82000000,0.32089999999999996,0.31384999999999996,0.30735,,0.3171
2020-11-30 14:00:00,0.3234,0.335,0.3216,0.327,3290816.17000000,0.3221,0.31505,0.308575,,0.3163
2020-11-30 15:00:00,0.3272,0.3339,0.3231,0.3243,3037774.05000000,0.32235,0.31505,0.308575,,0.3139
2020-11-30 16:00:00,0.3244,0.3347,0.3244,0.3289,2243173.40000000,0.32275,0.31505,0.308575,,0.3109
2020-11-30 17:00:00,0.329,0.3303,0.3261,0.3275,817604.22000000,0.3235,0.31505,0.308575,,0.3082
2020-11-30 18:00:00,0.3278,0.3311,0.3262,0.3275,1452172.33000000,0.3235,0.31505,0.308575,,0.3066
2020-11-30 19:00:00,0.3273,0.3294,0.3262,0.3269,764703.27000000,0.32375,0.31505,0.308525,,0.3065
2020-11-30 20:00:00,0.3271,0.3285,0.3239,0.327,803198.53000000,0.32375,0.31505,0.308525,,0.3036
2020-11-30 21:00:00,0.3269,0.3293,0.3246,0.3252,651460.37000000,0.32375,0.31520000000000004,0.308525,,0.3015
2020-11-30 22:00:00,0.3252,0.3272,0.3236,0.326,1002274.68000000,0.32375,0.31610000000000005,0.308525,,0.3048
2020-11-30 23:00:00,0.326,0.3309,0.3251,0.3289,701074.67000000,0.32375,0.31785,0.308525,,0.3073
2020-12-01 00:00:00,0.3289,0.3301,0.3213,0.3222,974130.34000000,0.32375,0.31785,0.308525,,0.3083
2020-12-01 01:00:00,0.3222,0.3258,0.3205,0.3258,589544.87000000,0.32375,0.31785,0.308525,,0.3136
2020-12-01 02:00:00,0.3257,0.3308,0.3257,0.33,531039.41000000,0.32375,0.31785,0.308525,,0.3127
2020-12-01 03:00:00,0.3301,0.331,0.3276,0.3288,385399.27000000,0.32375,0.31785,0.308525,,0.3158
2020-12-01 04:00:00,0.3286,0.3325,0.3264,0.3266,1065561.37000000,0.32375,0.31785,0.30872499999999997,,0.3187
2020-12-01 05:00:00,0.3267,0.3304,0.3257,0.33,358357.66000000,0.3254,0.31785,0.309725,,0.3158
2020-12-01 06:00:00,0.3303,0.333,0.3288,0.3299,478819.15000000,0.3254,0.31785,0.309775,,0.312
2020-12-01 07:00:00,0.3299,0.3428,0.3292,0.3418,2336732.64000000,0.32930000000000004,0.32175,0.310525,,0.3187
2020-12-01 08:00:00,0.3418,0.3448,0.3399,0.3403,1419556.66000000,0.33030000000000004,0.32275,0.313925,,0.3202
2020-12-01 09:00:00,0.3407,0.3446,0.3405,0.3439,973139.24000000,0.33265,0.32275,0.313975,,0.3162
2020-12-01 10:00:00,0.3439,0.3456,0.3401,0.3444,1999115.55000000,0.33305,0.32315000000000005,0.31455,,0.3283
2020-12-01 11:00:00,0.3444,0.3471,0.3266,0.3335,4205675.93000000,0.3338,0.3239,0.31665,,0.3377
2020-12-01 12:00:00,0.3329,0.3338,0.3056,0.3095,5930210.90000000,0.32635000000000003,0.3239,0.31665,,0.3448
2020-12-01 13:00:00,0.3081,0.3155,0.3024,0.3138,2735089.98000000,0.32475,0.3239,0.31665,,0.3415
2020-12-01 14:00:00,0.3134,0.3214,0.3097,0.3194,2077035.96000000,0.32475,0.32430000000000003,0.31665,,0.3385
2020-12-01 15:00:00,0.3194,0.325,0.3147,0.3182,1655572.84000000,0.32475,0.32475,0.31695,,0.3413
2020-12-01 16:00:00,0.318,0.3208,0.3086,0.3118,1822457.02000000,0.32475,0.32475,0.3171,,0.337
2020-12-01 17:00:00,0.3118,0.315,0.3069,0.314,1480942.73000000,0.32475,0.32475,0.317125,,0.3411
2020-12-01 18:00:00,0.3139,0.3141,0.3057,0.307,1106530.62000000,0.32475,0.32475,0.317125,,0.3499
2020-12-01 19:00:00,0.3072,0.3187,0.3058,0.3171,1082032.29000000,0.32475,0.32475,0.31737499999999996,,0.3527
2020-12-01 20:00:00,0.3165,0.3181,0.3137,0.3163,525370.23000000,0.32475,0.32475,0.318575,,0.3498
2020-12-01 21:00:00,0.3159,0.3203,0.3137,0.3139,814551.89000000,0.32475,0.32475,0.3187,,0.3509
2020-12-01 22:00:00,0.3136,0.3158,0.3105,0.3109,587667.29000000,0.32475,0.32475,0.31889999999999996,,0.347
2020-12-01 23:00:00,0.3114,0.3123,0.3076,0.3082,492376.92000000,0.32475,0.32475,0.319275,,0.343
2020-12-02 00:00:00,0.3079,0.3079,0.2975,0.3066,3244429.68000000,0.32230000000000003,0.32230000000000003,0.319275,,0.343
2020-12-02 01:00:00,0.3062,0.3086,0.3036,0.3065,558808.88000000,0.32230000000000003,0.32230000000000003,0.3194,,0.3468
2020-12-02 02:00:00,0.3066,0.3093,0.3027,0.3036,604183.97000000,0.32230000000000003,0.32230000000000003,0.3194,,0.3455
2020-12-02 03:00:00,0.3035,0.3058,0.3002,0.3015,730287.50000000,0.32230000000000003,0.32230000000000003,0.319475,,0.3462
2020-12-02 04:00:00,0.3015,0.305,0.3001,0.3048,694438.88000000,0.32230000000000003,0.32230000000000003,0.319925,,0.3535
2020-12-02 05:00:00,0.3049,0.3079,0.3025,0.3073,855535.36000000,0.32230000000000003,0.32230000000000003,0.3208,,0.3489
2020-12-02 06:00:00,0.3071,0.3094,0.306,0.3083,1200795.11000000,0.32230000000000003,0.32230000000000003,0.3208,,0.3454
2020-12-02 07:00:00,0.3084,0.3141,0.3083,0.3136,1189603.11000000,0.31565,0.32230000000000003,0.3208,,0.3439
2020-12-02 08:00:00,0.3131,0.3155,0.3114,0.3127,1088128.33000000,0.31125,0.32230000000000003,0.3208,,0.3533
2020-12-02 09:00:00,0.3127,0.3218,0.311,0.3158,1991942.84000000,0.31125,0.32230000000000003,0.3208,,0.3485
2020-12-02 10:00:00,0.3161,0.3196,0.3148,0.3187,672577.05000000,0.31125,0.32230000000000003,0.3208,,0.3452
2020-12-02 11:00:00,0.3188,0.3195,0.3142,0.3158,856385.44000000,0.30965,0.32230000000000003,0.32162500000000005,,0.347
2020-12-02 12:00:00,0.3157,0.3157,0.3092,0.312,1391634.99000000,0.30965,0.32230000000000003,0.32162500000000005,,0.3461
2020-12-02 13:00:00,0.3122,0.3195,0.3118,0.3187,1173438.62000000,0.30965,0.32230000000000003,0.325525,,0.3449
2020-12-02 14:00:00,0.3187,0.325,0.3167,0.3202,2541813.55000000,0.31125,0.32230000000000003,0.326525,,0.3418
2020-12-02 15:00:00,0.3199,0.32,0.3136,0.3162,1575266.18000000,0.31125,0.32230000000000003,0.3277,,0.3431
2020-12-02 16:00:00,0.3163,0.3313,0.3125,0.3283,2972666.33000000,0.3144,0.32230000000000003,0.32810000000000006,,0.3437
2020-12-02 17:00:00,0.3281,0.341,0.3276,0.3377,4645211.06000000,0.31925000000000003,0.32230000000000003,0.32885,,0.3404
2020-12-02 18:00:00,0.3377,0.345,0.3376,0.3448,2451962.10000000,0.32125,0.32230000000000003,0.325125,,0.3441
2020-12-02 19:00:00,0.3447,0.3493,0.3375,0.3415,3768474.73000000,0.3234,0.3234,0.324325,,0.3525
2020-12-02 20:00:00,0.3415,0.3441,0.3371,0.3385,965758.12000000,0.3247,0.3234,0.324525,,0.3562
2020-12-02 21:00:00,0.3388,0.3442,0.3388,0.3413,723087.80000000,0.3247,0.3234,0.32475,0.31020000000000003,0.3486
2020-12-02 22:00:00,0.3413,0.3442,0.3328,0.337,1417418.67000000,0.3247,0.3234,0.32475,0.31020000000000003,0.354
2020-12-02 23:00:00,0.3371,0.344,0.3371,0.3411,1135550.41000000,0.3247,0.3234,0.32475,0.31020000000000003,0.361
2020-12-03 00:00:00,0.341,0.35,0.3408,0.3499,1753778.65000000,0.32625,0.32375,0.32475,0.3135,0.3681
2020-12-03 01:00:00,0.35,0.3541,0.3448,0.3527,2101032.58000000,0.33005,0.3258,0.32475,0.3135,0.3601
2020-12-03 02:00:00,0.3528,0.3565,0.3481,0.3498,1997060.66000000,0.33240000000000003,0.32699999999999996,0.32475,0.31595,0.372
2020-12-03 03:00:00,0.3498,0.3576,0.3494,0.3509,1768155.93000000,0.3334,0.32755,0.32475,0.31595,0.3714
2020-12-03 04:00:00,0.3507,0.3563,0.3462,0.347,1060318.93000000,0.3334,0.32755,0.32475,0.31595,0.3525
2020-12-03 05:00:00,0.3472,0.352,0.3381,0.343,1633583.32000000,0.3334,0.32755,0.32475,0.31595,0.3452
2020-12-03 06:00:00,0.343,0.345,0.3412,0.343,1102216.94000000,0.3334,0.32755,0.32230000000000003,0.31595,0.3512
2020-12-03 07:00:00,0.3432,0.3492,0.342,0.3468,1059979.77000000,0.3334,0.32755,0.32230000000000003,0.31595,0.3566
2020-12-03 08:00:00,0.3466,0.352,0.3439,0.3455,1453351.08000000,0.3347,0.32755,0.32230000000000003,0.31595,0.3599
2020-12-03 09:00:00,0.3456,0.3474,0.3416,0.3462,652877.84000000,0.33504999999999996,0.32755,0.32230000000000003,0.31595,0.3572
2020-12-03 10:00:00,0.3462,0.3539,0.3447,0.3535,890891.53000000,0.33504999999999996,0.32755,0.32230000000000003,0.31595,0.3526
2020-12-03 11:00:00,0.3535,0.3537,0.346,0.3489,1001653.58000000,0.33504999999999996,0.32755,0.32230000000000003,0.31595,0.3521
2020-12-03 12:00:00,0.3486,0.3492,0.3404,0.3454,2059210.83000000,0.3426,0.32755,0.32230000000000003,0.31595,0.3557
2020-12-03 13:00:00,0.3454,0.3495,0.3431,0.3439,757436.37000000,0.34519999999999995,0.32755,0.318975,0.31595,0.3561
2020-12-03 14:00:00,0.3438,0.3533,0.3438,0.3533,1463367.98000000,0.34519999999999995,0.32755,0.31677500000000003,0.31595,0.3526
2020-12-03 15:00:00,0.3533,0.357,0.3474,0.3485,1771542.44000000,0.34519999999999995,0.32755,0.31677500000000003,0.31595,0.3351
2020-12-03 16:00:00,0.3485,0.3515,0.3425,0.3452,1939061.99000000,0.34519999999999995,0.32755,0.31677500000000003,0.31595,0.3256
2020-12-03 17:00:00,0.345,0.348,0.3429,0.347,677145.08000000,0.34519999999999995,0.32755,0.315975,0.31595,0.3257
2020-12-03 18:00:00,0.347,0.3485,0.3459,0.3461,460204.15000000,0.34735,0.32755,0.315975,0.31595,0.3272
2020-12-03 19:00:00,0.3461,0.3462,0.3432,0.3449,560441.11000000,0.34785,0.32755,0.315975,0.31595,0.3207
2020-12-03 20:00:00,0.3448,0.3462,0.3413,0.3418,539153.40000000,0.34785,0.32755,0.31677500000000003,0.31595,0.3276
2020-12-03 21:00:00,0.342,0.3442,0.3394,0.3431,741884.64000000,0.34785,0.32755,0.31677500000000003,0.31595,0.3304
2020-12-03 22:00:00,0.3432,0.345,0.3427,0.3437,302135.45000000,0.34785,0.32755,0.31835,0.31595,0.3296
2020-12-03 23:00:00,0.3438,0.3442,0.3399,0.3404,488119.21000000,0.34755,0.32755,0.32077500000000003,0.32015000000000005,0.3319
2020-12-04 00:00:00,0.3401,0.3457,0.3397,0.3441,761877.94000000,0.34755,0.32755,0.32177500000000003,0.32015000000000005,0.3347
2020-12-04 01:00:00,0.3442,0.3552,0.3408,0.3525,2968123.75000000,0.34819999999999995,0.32755,0.3234,0.32125000000000004,0.3331
2020-12-04 02:00:00,0.3525,0.3662,0.3498,0.3562,4754929.54000000,0.3528,0.33185,0.32405,0.32125000000000004,0.3407
2020-12-04 03:00:00,0.3561,0.3561,0.3479,0.3486,1193896.24000000,0.3528,0.33185,0.32405,0.32184999999999997,0.3473
2020-12-04 04:00:00,0.3488,0.3559,0.3468,0.354,767112.30000000,0.3528,0.33185,0.32405,0.32215,0.3447
2020-12-04 05:00:00,0.354,0.3678,0.3539,0.361,3039938.28000000,0.3536,0.33265,0.32405,0.3222,0.3425
2020-12-04 06:00:00,0.361,0.3688,0.3602,0.3681,1020850.45000000,0.35409999999999997,0.33315,0.32499999999999996,0.32255,0.3432
2020-12-04 07:00:00,0.3681,0.3689,0.359,0.3601,1361014.03000000,0.35414999999999996,0.3332,0.327925,0.3246,0.3375
2020-12-04 08:00:00,0.3601,0.3737,0.3596,0.372,2492636.92000000,0.35655,0.3356,0.3297,0.3258,0.3449
2020-12-04 09:00:00,0.3723,0.3723,0.3677,0.3714,1202581.60000000,0.35655,0.3356,0.33047499999999996,0.32635,0.3484
2020-12-04 10:00:00,0.3717,0.3735,0.3485,0.3525,6148694.90000000,0.35655,0.3356,0.33047499999999996,0.32635,0.3486
2020-12-04 11:00:00,0.3524,0.3585,0.3441,0.3452,2459678.35000000,0.35655,0.3356,0.33047499999999996,0.32635,0.3456
2020-12-04 12:00:00,0.3451,0.3535,0.34,0.3512,2679299.04000000,0.35655,0.3369,0.33047499999999996,0.32635,0.3421
2020-12-04 13:00:00,0.3512,0.3595,0.3456,0.3566,1758123.69000000,0.35655,0.3369,0.33047499999999996,0.32635,0.3443
2020-12-04 14:00:00,0.3566,0.3637,0.3505,0.3599,2286818.75000000,0.35655,0.3369,0.331125,0.32635,0.3397
2020-12-04 15:00:00,0.3605,0.3614,0.3561,0.3572,794298.96000000,0.35655,0.3369,0.3313,0.3265,0.3391
2020-12-04 16:00:00,0.357,0.3577,0.3462,0.3526,1908704.28000000,0.35655,0.33809999999999996,0.3313,0.3274,0.339
2020-12-04 17:00:00,0.3525,0.3548,0.3502,0.3521,484795.84000000,0.3567,0.33985,0.3313,0.32755,0.3431
2020-12-04 18:00:00,0.3516,0.3565,0.3482,0.3557,609702.55000000,0.3567,0.34099999999999997,0.335075,0.32755,0.346
2020-12-04 19:00:00,0.3556,0.3605,0.3528,0.3561,1673721.29000000,0.3567,0.34145,0.336375,0.32755,0.3425
2020-12-04 20:00:00,0.3561,0.3561,0.3501,0.3526,775077.36000000,0.35685,0.34145,0.336375,0.32755,0.3398
2020-12-04 21:00:00,0.3526,0.3526,0.3313,0.3351,2543245.26000000,0.3525,0.34145,0.336375,0.32755,0.3383
2020-12-04 22:00:00,0.3353,0.3387,0.3214,0.3256,2757232.21000000,0.34755,0.34145,0.336375,0.32755,0.3373
2020-12-04 23:00:00,0.3256,0.3338,0.3242,0.3257,1430819.55000000,0.34755,0.34145,0.336375,0.32755,0.3347
2020-12-05 00:00:00,0.3257,0.3289,0.3162,0.3272,2745517.99000000,0.34495,0.34275,0.33745,0.32755,0.3363
2020-12-05 01:00:00,0.3273,0.3273,0.32,0.3207,1164339.46000000,0.34495,0.34309999999999996,0.3377,0.32755,0.3406
2020-12-05 02:00:00,0.3211,0.3312,0.3211,0.3276,981512.63000000,0.34495,0.34309999999999996,0.3377,0.32755,0.3321
2020-12-05 03:00:00,0.3275,0.331,0.3246,0.3304,729342.20000000,0.34495,0.34309999999999996,0.3377,0.32755,0.3347
2020-12-05 04:00:00,0.3308,0.3332,0.3276,0.3296,648680.50000000,0.34485,0.34495,0.3377,0.32755,0.3372
2020-12-05 05:00:00,0.3297,0.3356,0.3276,0.3319,945681.91000000,0.34485,0.34495,0.33755,0.32755,0.3384
2020-12-05 06:00:00,0.3317,0.337,0.3315,0.3347,728677.73000000,0.33995,0.34495,0.33755,0.32755,0.3331
2020-12-05 07:00:00,0.3347,0.337,0.3302,0.3331,1707137.21000000,0.33995,0.34495,0.337875,0.32755,0.3336
2020-12-05 08:00:00,0.3333,0.3407,0.3333,0.3407,1439926.58000000,0.33995,0.34495,0.342325,0.33185,0.3372
2020-12-05 09:00:00,0.3405,0.351,0.3365,0.3473,4440180.87000000,0.33995,0.34495,0.342325,0.33185,0.3379
2020-12-05 10:00:00,0.3475,0.3475,0.3427,0.3447,460333.64000000,0.3388,0.34495,0.342325,0.33185,0.3356
2020-12-05 11:00:00,0.3449,0.3455,0.34,0.3425,622477.83000000,0.33835,0.34495,0.343125,0.33265,0.3364
2020-12-05 12:00:00,0.3426,0.3452,0.3379,0.3432,713462.07000000,0.33835,0.34495,0.34362499999999996,0.33315,0.3388
2020-12-05 13:00:00,0.3435,0.3438,0.3365,0.3375,779231.78000000,0.33835,0.34495,0.34367499999999995,0.3332,0.3392
2020-12-05 14:00:00,0.338,0.3465,0.338,0.3449,618995.72000000,0.33835,0.34495,0.346075,0.3356,0.3373
2020-12-05 15:00:00,0.345,0.3527,0.3445,0.3484,2532888.26000000,0.33615,0.34495,0.346075,0.3356,0.3331
2020-12-05 16:00:00,0.3483,0.3491,0.3432,0.3486,1033665.29000000,0.33445,0.34495,0.346075,0.3356,0.333
2020-12-05 17:00:00,0.3486,0.3496,0.3433,0.3456,611799.35000000,0.33445,0.34495,0.346075,0.3356,0.3367
2020-12-05 18:00:00,0.3459,0.3463,0.3411,0.3421,673951.32000000,0.33445,0.34495,0.34672499999999995,0.3356,0.3334
2020-12-05 19:00:00,0.3422,0.3445,0.3421,0.3443,338892.11000000,0.33445,0.34495,0.34672499999999995,0.3356,0.3321
2020-12-05 20:00:00,0.3442,0.3446,0.3382,0.3397,659574.36000000,0.33635000000000004,0.34495,0.34672499999999995,0.3356,0.3322
2020-12-05 21:00:00,0.3397,0.3443,0.339,0.3391,765761.20000000,0.3369,0.34495,0.34672499999999995,0.3356,0.3318
2020-12-05 22:00:00,0.3395,0.3402,0.3379,0.339,281929.63000000,0.33865,0.34495,0.347325,0.3356,0.3319
2020-12-05 23:00:00,0.339,0.3453,0.3388,0.3431,975629.09000000,0.34015,0.34495,0.348275,0.3356,0.3339
2020-12-06 00:00:00,0.3432,0.3494,0.3424,0.346,1204153.97000000,0.34015,0.34495,0.34885,0.3356,0.3363
2020-12-06 01:00:00,0.3461,0.3462,0.342,0.3425,633464.22000000,0.34145000000000003,0.34495,0.349075,0.3356,0.3363
2020-12-06 02:00:00,0.3421,0.3424,0.3397,0.3398,560175.13000000,0.34145000000000003,0.34495,0.34914999999999996,0.3356,0.3317
2020-12-06 03:00:00,0.3398,0.341,0.335,0.3383,1129708.26000000,0.34299999999999997,0.34495,0.346975,0.3356,0.3318
2020-12-06 04:00:00,0.3381,0.3406,0.3358,0.3373,1469597.47000000,0.34385,0.34495,0.34450000000000003,0.3356,0.3309
2020-12-06 05:00:00,0.3371,0.3386,0.3329,0.3347,923700.15000000,0.3428,0.34495,0.34450000000000003,0.3356,0.3301
2020-12-06 06:00:00,0.3346,0.3439,0.334,0.3363,2125361.29000000,0.3428,0.34495,0.34385,0.3356,0.3363
2020-12-06 07:00:00,0.3363,0.3416,0.3363,0.3406,410925.97000000,0.3428,0.34495,0.34402499999999997,0.3356,0.3375
2020-12-06 08:00:00,0.3405,0.3415,0.3305,0.3321,1001367.62000000,0.3416,0.34495,0.34402499999999997,0.3356,0.3359
2020-12-06 09:00:00,0.332,0.3351,0.3271,0.3347,1420966.47000000,0.3399,0.34495,0.34402499999999997,0.3356,0.3397
2020-12-06 10:00:00,0.3347,0.3379,0.3316,0.3372,1118277.12000000,0.3399,0.34495,0.3449,0.3356,0.3384
2020-12-06 11:00:00,0.3373,0.3396,0.333,0.3384,1005602.71000000,0.33835000000000004,0.34495,0.3449,0.3356,0.3351
2020-12-06 12:00:00,0.3384,0.3386,0.3296,0.3331,797677.85000000,0.33835000000000004,0.34495,0.34245,0.3356,0.3248
2020-12-06 13:00:00,0.3329,0.3347,0.3287,0.3336,1578143.33000000,0.33825,0.34495,0.34245,0.3356,0.3261
2020-12-06 14:00:00,0.3337,0.3383,0.332,0.3372,1429192.18000000,0.33825,0.34495,0.34245,0.3356,0.3272
2020-12-06 15:00:00,0.3373,0.3392,0.3355,0.3379,945267.44000000,0.33825,0.34495,0.34245,0.3356,0.3279
2020-12-06 16:00:00,0.3378,0.3395,0.333,0.3356,1052916.89000000,0.33825,0.34495,0.341875,0.3356,0.33
2020-12-06 17:00:00,0.3355,0.3375,0.3343,0.3364,232875.32000000,0.33825,0.34495,0.34165,0.3356,0.3311
2020-12-06 18:00:00,0.3364,0.3395,0.3356,0.3388,690920.91000000,0.33825,0.34495,0.34165,0.3356,0.3309
2020-12-06 19:00:00,0.3387,0.3409,0.336,0.3392,535566.37000000,0.33825,0.34495,0.34165,0.3356,0.3308
2020-12-06 20:00:00,0.3392,0.3403,0.3351,0.3373,1098926.57000000,0.33665,0.34485,0.34165,0.3356,0.3262
2020-12-06 21:00:00,0.3372,0.3372,0.3329,0.3331,1009712.11000000,0.3355,0.34485,0.34055,0.3356,0.326
2020-12-06 22:00:00,0.3335,0.3357,0.3304,0.333,803608.73000000,0.3355,0.33995,0.3397,0.3356,0.3252
2020-12-06 23:00:00,0.3334,0.3376,0.3333,0.3367,905796.63000000,0.3355,0.33995,0.3397,0.3356,0.3291
2020-12-07 00:00:00,0.3369,0.3376,0.3326,0.3334,471011.70000000,0.3355,0.33995,0.3397,0.3356,0.3271
2020-12-07 01:00:00,0.3335,0.3351,0.3313,0.3321,301056.85000000,0.3355,0.33995,0.3397,0.3356,0.322
2020-12-07 02:00:00,0.3319,0.333,0.3294,0.3322,1243573.68000000,0.33435000000000004,0.3388,0.34065,0.3356,0.3169
2020-12-07 03:00:00,0.3323,0.3331,0.3315,0.3318,239042.86000000,0.33430000000000004,0.33835,0.340925,0.3356,0.313
2020-12-07 04:00:00,0.3318,0.3323,0.3305,0.3319,209971.06000000,0.33399999999999996,0.33835,0.3418,0.3356,0.3145
2020-12-07 05:00:00,0.3319,0.334,0.3315,0.3339,235450.69000000,0.3348,0.33835,0.34255,0.3356,0.3121
2020-12-07 06:00:00,0.334,0.3365,0.3338,0.3363,456570.54000000,0.3348,0.33835,0.34255,0.3356,0.3102
2020-12-07 07:00:00,0.3363,0.3381,0.3359,0.3363,690019.79000000,0.3348,0.33615,0.3432,0.3356,0.3177
2020-12-07 08:00:00,0.3363,0.3366,0.3312,0.3317,2358198.00000000,0.3348,0.33445,0.3432,0.3356,0.3153
2020-12-07 09:00:00,0.3318,0.3329,0.3311,0.3318,316674.53000000,0.33515,0.33445,0.343975,0.3356,0.313
2020-12-07 10:00:00,0.3317,0.3327,0.3299,0.3309,388705.23000000,0.33515,0.33445,0.3444,0.3356,0.3121
2020-12-07 11:00:00,0.3306,0.3318,0.3279,0.3301,566366.83000000,0.33440000000000003,0.33445,0.343875,0.3356,0.3156
2020-12-07 12:00:00,0.3301,0.3365,0.3299,0.3363,999746.24000000,0.33440000000000003,0.33635000000000004,0.343875,0.3356,0.3104
2020-12-07 13:00:00,0.3363,0.3377,0.3346,0.3375,1040459.72000000,0.33440000000000003,0.3369,0.343875,0.3356,0.3119
2020-12-07 14:00:00,0.3373,0.3374,0.332,0.3359,920847.40000000,0.33440000000000003,0.33865,0.343275,0.3356,0.3021
2020-12-07 15:00:00,0.3355,0.3442,0.3339,0.3397,1433960.64000000,0.33605,0.3399,0.342425,0.3356,0.306
2020-12-07 16:00:00,0.3402,0.342,0.337,0.3384,668434.00000000,0.33605,0.3399,0.342425,0.3356,0.2952
2020-12-07 17:00:00,0.3383,0.3388,0.335,0.3351,1025832.04000000,0.33605,0.3399,0.34165,0.3356,0.3011
2020-12-07 18:00:00,0.3353,0.3364,0.3237,0.3248,2688556.49000000,0.33394999999999997,0.3382,0.34165,0.3356,0.2931
2020-12-07 19:00:00,0.3249,0.3276,0.3237,0.3261,1130434.53000000,0.33394999999999997,0.3382,0.3416,0.3356,0.2947
2020-12-07 20:00:00,0.3262,0.3279,0.3236,0.3272,1378468.84000000,0.3339,0.33815,0.3416,0.3356,0.2946
2020-12-07 21:00:00,0.3274,0.3279,0.3267,0.3279,511879.95000000,0.3339,0.33815,0.3416,0.3356,0.2969
2020-12-07 22:00:00,0.3278,0.3302,0.3273,0.33,722222.54000000,0.3339,0.33815,0.3416,0.3356,0.2906
2020-12-07 23:00:00,0.33,0.3313,0.329,0.3311,256606.18000000,0.3339,0.33815,0.3416,0.3356,0.2948
2020-12-08 00:00:00,0.3309,0.3314,0.3285,0.3309,320848.70000000,0.3339,0.33815,0.3416,0.3356,0.2977
2020-12-08 01:00:00,0.331,0.3315,0.3285,0.3308,254738.82000000,0.3339,0.33815,0.3416,0.3356,0.2922
2020-12-08 02:00:00,0.3308,0.3322,0.3252,0.3262,445995.77000000,0.3339,0.33815,0.34075,0.3356,0.2917
2020-12-08 03:00:00,0.3262,0.3273,0.3248,0.326,351202.23000000,0.3339,0.3366,0.340175,0.3356,0.2975
2020-12-08 04:00:00,0.3263,0.3273,0.325,0.3252,367781.04000000,0.3339,0.3366,0.337725,0.3356,0.303
2020-12-08 05:00:00,0.3252,0.3313,0.3244,0.3291,1458591.55000000,0.3339,0.3365,0.337725,0.3356,0.3059
2020-12-08 06:00:00,0.3291,0.3291,0.3239,0.3271,1004921.31000000,0.3339,0.3365,0.337725,0.3369,0.3035
2020-12-08 07:00:00,0.3269,0.3274,0.3205,0.322,2021916.33000000,0.33235000000000003,0.33494999999999997,0.337725,0.3369,0.3067
2020-12-08 08:00:00,0.3217,0.323,0.3127,0.3169,2232057.15000000,0.32845,0.33104999999999996,0.336575,0.3369,0.305
2020-12-08 09:00:00,0.3165,0.3189,0.3082,0.313,1917157.93000000,0.3262,0.3288,0.336325,0.3369,0.3024
2020-12-08 10:00:00,0.3128,0.3161,0.311,0.3145,698601.29000000,0.3262,0.3288,0.336175,0.33809999999999996,0.3022
2020-12-08 11:00:00,0.3141,0.3154,0.3112,0.3121,869086.35000000,0.3251,0.3288,0.33657499999999996,0.33985,0.2997
2020-12-08 12:00:00,0.3117,0.3146,0.3062,0.3102,1340067.14000000,0.3225,0.32620000000000005,0.33657499999999996,0.34099999999999997,0.2959
2020-12-08 13:00:00,0.3105,0.3183,0.3103,0.3177,804999.74000000,0.32130000000000003,0.32520000000000004,0.33547499999999997,0.34145,0.2994
2020-12-08 14:00:00,0.3178,0.3193,0.3138,0.3153,658827.16000000,0.31920000000000004,0.32520000000000004,0.334625,0.34145,0.3014
2020-12-08 15:00:00,0.3155,0.3167,0.3109,0.313,823809.59000000,0.31920000000000004,0.32520000000000004,0.3348,0.34145,0.3041
2020-12-08 16:00:00,0.3128,0.3132,0.308,0.3121,1980423.83000000,0.31920000000000004,0.32520000000000004,0.3348,0.34145,0.3033
2020-12-08 17:00:00,0.3121,0.3166,0.31,0.3156,1854188.14000000,0.31920000000000004,0.32520000000000004,0.33442500000000003,0.34145,0.3056
2020-12-08 18:00:00,0.3155,0.3161,0.31,0.3104,908902.71000000,0.31920000000000004,0.32520000000000004,0.33537500000000003,0.34275,0.3024
2020-12-08 19:00:00,0.3103,0.3189,0.31,0.3119,1783859.93000000,0.31920000000000004,0.32520000000000004,0.33565,0.34309999999999996,0.3023
2020-12-08 20:00:00,0.3114,0.3126,0.3,0.3021,2636191.94000000,0.3161,0.3221,0.336525,0.34309999999999996,0.3019
2020-12-08 21:00:00,0.302,0.3064,0.3002,0.306,1534953.35000000,0.3161,0.3221,0.337975,0.34309999999999996,0.3018
2020-12-08 22:00:00,0.306,0.3081,0.2948,0.2952,1450852.22000000,0.31305,0.3195,0.337975,0.34495,0.3036
2020-12-08 23:00:00,0.2949,0.3023,0.2913,0.3011,3580448.86000000,0.3113,0.31775,0.337975,0.34495,0.3008
2020-12-09 00:00:00,0.3009,0.3026,0.2931,0.2931,1462221.26000000,0.3113,0.31775,0.336075,0.34495,0.2988
2020-12-09 01:00:00,0.293,0.297,0.2888,0.2947,1904030.98000000,0.30895,0.3165,0.336075,0.34495,0.3005
2020-12-09 02:00:00,0.2948,0.2968,0.2939,0.2946,689095.52000000,0.30810000000000004,0.3165,0.336025,0.34495,0.3041
2020-12-09 03:00:00,0.2946,0.2971,0.2925,0.2969,479358.19000000,0.3059,0.3165,0.336025,0.34495,0.3005
2020-12-09 04:00:00,0.2966,0.2966,0.2901,0.2906,1174594.43000000,0.30405,0.3165,0.336025,0.34495,0.2987
2020-12-09 05:00:00,0.2908,0.2957,0.2897,0.2948,815198.15000000,0.30405,0.3165,0.336025,0.34495,0.2998
2020-12-09 06:00:00,0.2951,0.2977,0.2947,0.2977,548406.62000000,0.30405,0.3165,0.336025,0.34495,0.3004
2020-12-09 07:00:00,0.2977,0.298,0.289,0.2922,914311.66000000,0.30405,0.3165,0.336025,0.34495,0.2984
2020-12-09 08:00:00,0.2922,0.2938,0.2855,0.2917,2131499.48000000,0.3024,0.31484999999999996,0.336025,0.34495,0.2929
2020-12-09 09:00:00,0.2914,0.2985,0.2909,0.2975,1539772.31000000,0.3024,0.31484999999999996,0.33525,0.34495,0.2959
2020-12-09 10:00:00,0.2976,0.3043,0.2952,0.303,1373867.76000000,0.3022,0.31484999999999996,0.33525,0.34495,0.2944
2020-12-09 11:00:00,0.303,0.31,0.3021,0.3059,1447271.79000000,0.3022,0.31484999999999996,0.3352,0.34495,0.2951
2020-12-09 12:00:00,0.3059,0.3089,0.3009,0.3035,3470679.54000000,0.3022,0.31484999999999996,0.3352,0.34495,0.2932
2020-12-09 13:00:00,0.3034,0.3071,0.3005,0.3067,1078942.89000000,0.3022,0.31484999999999996,0.33365,0.34495,0.2938
2020-12-09 14:00:00,0.3067,0.3078,0.304,0.305,1015684.04000000,0.3022,0.31484999999999996,0.32975,0.34319999999999995,0.2962
2020-12-09 15:00:00,0.3053,0.3053,0.3003,0.3024,634618.36000000,0.29905,0.31484999999999996,0.3275,0.34095,0.2946
2020-12-09 16:00:00,0.3028,0.3036,0.298,0.3022,1944041.16000000,0.29774999999999996,0.31484999999999996,0.3275,0.34095,0.2949
2020-12-09 17:00:00,0.3024,0.3042,0.298,0.2997,1513429.47000000,0.29774999999999996,0.31484999999999996,0.32694999999999996,0.34095,0.2936
2020-12-09 18:00:00,0.2998,0.3022,0.2959,0.2959,886682.52000000,0.29774999999999996,0.31484999999999996,0.32435,0.33995,0.2853
2020-12-09 19:00:00,0.296,0.3,0.296,0.2994,392535.13000000,0.29774999999999996,0.31484999999999996,0.32325000000000004,0.33995,0.2834
2020-12-09 20:00:00,0.2992,0.3023,0.2977,0.3014,677646.65000000,0.29774999999999996,0.31484999999999996,0.32220000000000004,0.33995,0.2834
2020-12-09 21:00:00,0.3013,0.3048,0.3005,0.3041,888620.37000000,0.29774999999999996,0.31484999999999996,0.32220000000000004,0.33995,0.2844
2020-12-09 22:00:00,0.304,0.3055,0.3019,0.3033,492918.68000000,0.29774999999999996,0.31484999999999996,0.32220000000000004,0.33995,0.2839
2020-12-09 23:00:00,0.3032,0.3073,0.3024,0.3056,790405.79000000,0.29774999999999996,0.31484999999999996,0.32220000000000004,0.33995,0.2829
2020-12-10 00:00:00,0.3053,0.3078,0.3005,0.3024,537612.95000000,0.29774999999999996,0.31484999999999996,0.32220000000000004,0.33995,0.2812
2020-12-10 01:00:00,0.302,0.3055,0.299,0.3023,1010771.73000000,0.29774999999999996,0.31484999999999996,0.32220000000000004,0.33995,0.2828
2020-12-10 02:00:00,0.3023,0.3042,0.3003,0.3019,430587.59000000,0.29774999999999996,0.31484999999999996,0.3191,0.33685,0.2827
2020-12-10 03:00:00,0.3019,0.3052,0.301,0.3018,329529.82000000,0.29774999999999996,0.31375,0.3191,0.33685,0.2801
2020-12-10 04:00:00,0.3017,0.3066,0.3011,0.3036,320951.50000000,0.30045,0.31215,0.316275,0.33425,0.2792
2020-12-10 05:00:00,0.3036,0.3037,0.3001,0.3008,202098.81000000,0.3026,0.31094999999999995,0.314525,0.3325,0.2774
2020-12-10 06:00:00,0.3009,0.3015,0.2976,0.2988,472463.95000000,0.30295,0.30884999999999996,0.314525,0.3325,0.2832
2020-12-10 07:00:00,0.2988,0.3016,0.2984,0.3005,229125.67000000,0.3024,0.30884999999999996,0.31272500000000003,0.33125,0.2861
2020-12-10 08:00:00,0.3005,0.3048,0.3003,0.3041,295197.80000000,0.30185,0.30884999999999996,0.3123,0.33125,0.2866
2020-12-10 09:00:00,0.3038,0.3054,0.3,0.3005,733804.04000000,0.30185,0.30884999999999996,0.31120000000000003,0.33125,0.2864
2020-12-10 10:00:00,0.3006,0.3031,0.2978,0.2987,607239.16000000,0.30185,0.30884999999999996,0.31027499999999997,0.33125,0.284
2020-12-10 11:00:00,0.2987,0.3011,0.2973,0.2998,410402.27000000,0.30185,0.30884999999999996,0.31027499999999997,0.33125,0.2836
2020-12-10 12:00:00,0.2997,0.3045,0.2989,0.3004,1145652.21000000,0.30185,0.30884999999999996,0.31027499999999997,0.33125,0.2836
2020-12-10 13:00:00,0.3,0.3,0.2942,0.2984,877567.18000000,0.30100000000000005,0.30884999999999996,0.31027499999999997,0.33125,0.2843
2020-12-10 14:00:00,0.2979,0.2991,0.2925,0.2929,909410.85000000,0.30015000000000003,0.3084,0.308625,0.3295,0.288
2020-12-10 15:00:00,0.2931,0.2964,0.2906,0.2959,867409.17000000,0.2992,0.3084,0.308625,0.3295,0.2876
2020-12-10 16:00:00,0.2959,0.2961,0.2936,0.2944,894027.09000000,0.2992,0.3084,0.308525,0.3246,0.2916
2020-12-10 17:00:00,0.294,0.2951,0.293,0.2951,388764.65000000,0.2992,0.3073,0.308525,0.3246,0.2887
2020-12-10 18:00:00,0.2951,0.2951,0.2929,0.2932,316679.27000000,0.2992,0.30645,0.308525,0.3246,0.3062
2020-12-10 19:00:00,0.2932,0.2942,0.2917,0.2938,393097.34000000,0.2992,0.30425,0.308525,0.3246,0.3067
2020-12-10 20:00:00,0.2938,0.2971,0.2933,0.2962,960196.98000000,0.2986,0.3024,0.308525,0.32345,0.3088
2020-12-10 21:00:00,0.2963,0.2968,0.2941,0.2946,201572.25000000,0.2986,0.3024,0.30694999999999995,0.32299999999999995,0.3084
2020-12-10 22:00:00,0.2946,0.296,0.2942,0.2949,259579.75000000,0.2986,0.3024,0.30629999999999996,0.32299999999999995,0.3121
2020-12-10 23:00:00,0.2951,0.2961,0.2928,0.2936,441841.42000000,0.2986,0.3024,0.30629999999999996,0.32299999999999995,0.3112
2020-12-11 00:00:00,0.2938,0.2959,0.2829,0.2853,2112303.90000000,0.29415,0.3011,0.30629999999999996,0.32299999999999995,0.313
2020-12-11 01:00:00,0.2849,0.2863,0.2817,0.2834,1765118.87000000,0.29355,0.3005,0.30629999999999996,0.3208,0.3149
2020-12-11 02:00:00,0.2835,0.2847,0.282,0.2834,903975.03000000,0.29355,0.3003,0.30629999999999996,0.3191,0.3109
2020-12-11 03:00:00,0.2836,0.286,0.2811,0.2844,860479.92000000,0.29325,0.30000000000000004,0.30629999999999996,0.3191,0.3085
2020-12-11 04:00:00,0.2845,0.2855,0.2821,0.2839,556077.32000000,0.29325,0.30000000000000004,0.30629999999999996,0.3191,0.3098
2020-12-11 05:00:00,0.2839,0.2849,0.281,0.2829,456050.68000000,0.29275,0.29995000000000005,0.30629999999999996,0.3191,0.3094
2020-12-11 06:00:00,0.2831,0.2838,0.28,0.2812,678126.45000000,0.29225,0.29945,0.30629999999999996,0.3191,0.308
2020-12-11 07:00:00,0.2813,0.2828,0.2775,0.2828,1508382.07000000,0.29100000000000004,0.29505000000000003,0.30629999999999996,0.3191,0.3067
2020-12-11 08:00:00,0.2826,0.2851,0.2809,0.2827,684456.55000000,0.28875,0.29375,0.30629999999999996,0.3191,0.3045
2020-12-11 09:00:00,0.2829,0.2829,0.2787,0.2801,583909.38000000,0.2883,0.29375,0.30574999999999997,0.3191,0.3041
2020-12-11 10:00:00,0.2799,0.2829,0.2763,0.2792,615638.09000000,0.28669999999999995,0.29315,0.3063,0.3191,0.3083
2020-12-11 11:00:00,0.279,0.279,0.2766,0.2774,682232.48000000,0.28669999999999995,0.29315,0.30677499999999996,0.3191,0.313
2020-12-11 12:00:00,0.2772,0.2844,0.2766,0.2832,873925.34000000,0.28669999999999995,0.29315,0.30589999999999995,0.3191,0.3134
2020-12-11 13:00:00,0.2831,0.2864,0.2827,0.2861,244812.96000000,0.28669999999999995,0.29315,0.305625,0.3191,0.3124
2020-12-11 14:00:00,0.286,0.2875,0.284,0.2866,1372685.83000000,0.28669999999999995,0.29315,0.30535,0.3191,0.3127
2020-12-11 15:00:00,0.2867,0.2875,0.2851,0.2864,280337.54000000,0.28669999999999995,0.29315,0.30535,0.3191,0.3112
2020-12-11 16:00:00,0.2866,0.2868,0.2828,0.284,472823.89000000,0.28654999999999997,0.29315,0.30535,0.3191,0.3087
2020-12-11 17:00:00,0.2838,0.2845,0.282,0.2836,370084.51000000,0.2862,0.29315,0.30535,0.3191,0.3091
2020-12-11 18:00:00,0.2836,0.2842,0.2831,0.2836,220094.26000000,0.2862,0.29315,0.30535,0.3191,0.3092
2020-12-11 19:00:00,0.2838,0.2848,0.2833,0.2843,508395.14000000,0.2861,0.29315,0.304925,0.3191,0.3093
2020-12-11 20:00:00,0.2845,0.2884,0.2833,0.288,864083.53000000,0.28235,0.29315,0.304275,0.3191,0.3081
2020-12-11 21:00:00,0.288,0.2889,0.2863,0.2876,851590.94000000,0.28259999999999996,0.29315,0.3038,0.31755,0.3066
2020-12-11 22:00:00,0.2878,0.2922,0.2875,0.2916,617687.29000000,0.28425,0.29315,0.3038,0.31755,0.3069
2020-12-11 23:00:00,0.2914,0.2918,0.2881,0.2887,1008889.46000000,0.28425,0.29259999999999997,0.30325,0.31745,0.3084
2020-12-12 00:00:00,0.2884,0.3097,0.2883,0.3062,3647974.57000000,0.293,0.293,0.302825,0.31745,0.3131
2020-12-12 01:00:00,0.3064,0.3074,0.3052,0.3067,421629.78000000,0.293,0.293,0.301725,0.31745,0.3164
2020-12-12 02:00:00,0.3065,0.3094,0.3062,0.3088,543895.45000000,0.293,0.293,0.3005,0.31745,0.3161
2020-12-12 03:00:00,0.3087,0.3114,0.3079,0.3084,876803.44000000,0.29385,0.29385,0.3005,0.31745,0.3166
2020-12-12 04:00:00,0.3084,0.3125,0.3083,0.3121,502552.45000000,0.2944,0.2944,0.3005,0.31745,0.3165
2020-12-12 05:00:00,0.3123,0.3125,0.3101,0.3112,359465.18000000,0.2944,0.2944,0.3005,0.31745,0.3154
2020-12-12 06:00:00,0.3113,0.3138,0.3113,0.313,696268.71000000,0.2952,0.29505000000000003,0.29762500000000003,0.31455,0.3175
2020-12-12 07:00:00,0.3131,0.315,0.3131,0.3149,498826.33000000,0.2958,0.29564999999999997,0.297025,0.31295,0.3147
2020-12-12 08:00:00,0.3149,0.3153,0.3092,0.3109,1367054.01000000,0.29864999999999997,0.2958,0.296925,0.31295,0.3134
2020-12-12 09:00:00,0.3106,0.3113,0.3074,0.3085,424073.26000000,0.29864999999999997,0.2958,0.296625,0.31265,0.3126
2020-12-12 10:00:00,0.3084,0.3108,0.3068,0.3098,663191.57000000,0.29864999999999997,0.2958,0.296625,0.31265,0.3175
2020-12-12 11:00:00,0.31,0.3111,0.309,0.3094,293084.33000000,0.29864999999999997,0.2958,0.29635,0.3126,0.3166
2020-12-12 12:00:00,0.3094,0.3101,0.3077,0.308,482417.59000000,0.29864999999999997,0.2958,0.29585,0.31210000000000004,0.3127
2020-12-12 13:00:00,0.3079,0.3084,0.3056,0.3067,448221.64000000,0.2992,0.2958,0.29302500000000004,0.31085,0.3134
2020-12-12 14:00:00,0.3068,0.3069,0.3026,0.3045,742424.77000000,0.2993,0.2958,0.29125,0.31085,0.311
2020-12-12 15:00:00,0.3042,0.3054,0.3024,0.3041,594367.60000000,0.2993,0.2958,0.291025,0.31085,0.3111
2020-12-12 16:00:00,0.304,0.3088,0.304,0.3083,589391.69000000,0.3008,0.2958,0.289925,0.31025,0.3082
2020-12-12 17:00:00,0.3083,0.3168,0.3074,0.313,2329435.15000000,0.30215000000000003,0.29655,0.289925,0.31025,0.3092
2020-12-12 18:00:00,0.3132,0.3157,0.3109,0.3134,1708627.08000000,0.30245,0.29655,0.289925,0.31025,0.3052
2020-12-12 19:00:00,0.3134,0.3146,0.3112,0.3124,563977.97000000,0.30255,0.29655,0.289925,0.31025,0.3076
2020-12-12 20:00:00,0.3127,0.3133,0.311,0.3127,513040.84000000,0.3096,0.29655,0.289925,0.31025,0.3093
2020-12-12 21:00:00,0.3127,0.3133,0.3092,0.3112,1314045.49000000,0.3096,0.29655,0.289925,0.31025,0.3086
2020-12-12 22:00:00,0.3112,0.3119,0.3078,0.3087,807828.58000000,0.3096,0.29655,0.28985,0.31025,0.3057
2020-12-12 23:00:00,0.3085,0.3107,0.3073,0.3091,577523.66000000,0.3096,0.29655,0.289675,0.31025,0.3065
2020-12-13 00:00:00,0.3092,0.3137,0.3063,0.3092,1032976.43000000,0.3096,0.29655,0.289675,0.31025,0.3069
2020-12-13 01:00:00,0.3091,0.3102,0.3087,0.3093,202294.54000000,0.3096,0.29655,0.289625,0.31025,0.3083
2020-12-13 02:00:00,0.3092,0.3094,0.3077,0.3081,165262.37000000,0.3096,0.29655,0.28775,0.31025,0.308
2020-12-13 03:00:00,0.3079,0.3092,0.3063,0.3066,237666.64000000,0.3096,0.29655,0.287875,0.31025,0.3111
2020-12-13 04:00:00,0.3066,0.3075,0.3047,0.3069,423940.13000000,0.3096,0.29655,0.2887,0.31025,0.3083
2020-12-13 05:00:00,0.3069,0.3099,0.3064,0.3084,466298.88000000,0.3096,0.29655,0.288425,0.31025,0.307
2020-12-13 06:00:00,0.3086,0.3143,0.3082,0.3131,884118.07000000,0.3096,0.29655,0.293,0.31025,0.3063
2020-12-13 07:00:00,0.313,0.3171,0.3123,0.3164,1048629.31000000,0.30974999999999997,0.29669999999999996,0.293,0.31025,0.3092
2020-12-13 08:00:00,0.3165,0.3186,0.3134,0.3161,752748.96000000,0.3105,0.29745,0.293,0.31025,0.3099
2020-12-13 09:00:00,0.3161,0.3166,0.314,0.3166,384359.19000000,0.3105,0.29745,0.29385,0.31025,0.3154
2020-12-13 10:00:00,0.3167,0.3189,0.3157,0.3165,970337.56000000,0.31065,0.2976,0.2944,0.31025,0.3145
2020-12-13 11:00:00,0.3166,0.3166,0.3144,0.3154,362156.85000000,0.31145,0.2976,0.2944,0.31025,0.3132
2020-12-13 12:00:00,0.3155,0.3184,0.3148,0.3175,611761.43000000,0.3118,0.2976,0.295125,0.31025,0.3149
2020-12-13 13:00:00,0.3175,0.32,0.3137,0.3147,826238.30000000,0.31235,0.29815,0.295725,0.31025,0.3142
2020-12-13 14:00:00,0.3147,0.3156,0.3127,0.3134,656653.43000000,0.31235,0.29815,0.29722499999999996,0.31025,0.3151
2020-12-13 15:00:00,0.3134,0.3145,0.3103,0.3126,959764.79000000,0.31235,0.29815,0.29722499999999996,0.31025,0.312
2020-12-13 16:00:00,0.3127,0.3184,0.3127,0.3175,955380.92000000,0.31235,0.29815,0.29722499999999996,0.31025,0.3187
2020-12-13 17:00:00,0.3174,0.3176,0.3146,0.3166,520073.02000000,0.31235,0.29815,0.29722499999999996,0.31025,0.3129
2020-12-13 18:00:00,0.3166,0.3169,0.3113,0.3127,1154515.40000000,0.31235,0.29815,0.29722499999999996,0.31025,0.3175
2020-12-13 19:00:00,0.3128,0.3153,0.3122,0.3134,508147.80000000,0.31235,0.29815,0.2975,0.31025,0.3225
2020-12-13 20:00:00,0.3134,0.3147,0.31,0.311,1023226.62000000,0.31235,0.29815,0.29755,0.31025,0.323
2020-12-13 21:00:00,0.3109,0.3127,0.31,0.3111,423501.92000000,0.31235,0.29815,0.29755,0.30915000000000004,0.3226
2020-12-13 22:00:00,0.311,0.3111,0.3052,0.3082,1274345.60000000,0.31235,0.2983,0.2983,0.30755,0.3164
2020-12-13 23:00:00,0.3085,0.3097,0.3077,0.3092,378962.63000000,0.31235,0.2983,0.29935,0.30635,0.3157
2020-12-14 00:00:00,0.3091,0.3106,0.3031,0.3052,721123.77000000,0.31155,0.301,0.2995,0.30425,0.3162
2020-12-14 01:00:00,0.305,0.3082,0.3049,0.3076,329950.94000000,0.31155,0.301,0.29955,0.30425,0.3192
2020-12-14 02:00:00,0.3073,0.3096,0.3063,0.3093,357251.86000000,0.31155,0.301,0.303075,0.30425,0.3253
2020-12-14 03:00:00,0.3093,0.3109,0.3085,0.3086,411873.37000000,0.31155,0.301,0.303075,0.30425,0.3275
2020-12-14 04:00:00,0.3086,0.3102,0.3045,0.3057,639605.71000000,0.31155,0.301,0.303075,0.30425,0.3288
2020-12-14 05:00:00,0.3055,0.3069,0.3042,0.3065,467203.94000000,0.31155,0.30155,0.303075,0.30425,0.3275
2020-12-14 06:00:00,0.3065,0.3078,0.3061,0.3069,351827.84000000,0.31155,0.30165,0.303075,0.30425,0.3279
2020-12-14 07:00:00,0.3068,0.3085,0.3049,0.3083,340808.83000000,0.31155,0.30165,0.303075,0.30425,0.3344
2020-12-14 08:00:00,0.3083,0.3093,0.3073,0.308,392398.85000000,0.31155,0.30315000000000003,0.303075,0.30379999999999996,0.3309
2020-12-14 09:00:00,0.3081,0.3113,0.3066,0.3111,567239.90000000,0.31074999999999997,0.30374999999999996,0.303075,0.30379999999999996,0.3346
2020-12-14 10:00:00,0.3113,0.3139,0.3079,0.3083,795906.33000000,0.31074999999999997,0.30405000000000004,0.303075,0.30379999999999996,0.3377
2020-12-14 11:00:00,0.308,0.3099,0.3063,0.307,469477.61000000,0.31074999999999997,0.30415000000000003,0.303075,0.30269999999999997,0.3391
2020-12-14 12:00:00,0.3069,0.3079,0.3049,0.3063,720579.37000000,0.31035,0.31120000000000003,0.303075,0.30185,0.3338
2020-12-14 13:00:00,0.3064,0.3093,0.3043,0.3092,457054.23000000,0.31,0.31120000000000003,0.30322499999999997,0.29964999999999997,0.3359
2020-12-14 14:00:00,0.3093,0.3102,0.3066,0.3099,786145.04000000,0.30920000000000003,0.31120000000000003,0.303975,0.29779999999999995,0.3338
2020-12-14 15:00:00,0.3101,0.3159,0.31,0.3154,1355729.03000000,0.3095,0.31120000000000003,0.303975,0.29779999999999995,0.3306
2020-12-14 16:00:00,0.3152,0.316,0.3128,0.3145,782842.28000000,0.30955,0.31120000000000003,0.304125,0.29779999999999995,0.328
2020-12-14 17:00:00,0.3145,0.3148,0.312,0.3132,374664.98000000,0.30955,0.31120000000000003,0.304525,0.29779999999999995,0.325
2020-12-14 18:00:00,0.3135,0.3153,0.3135,0.3149,724439.12000000,0.30955,0.31120000000000003,0.30469999999999997,0.29779999999999995,0.3221
2020-12-14 19:00:00,0.3148,0.3152,0.3136,0.3142,374784.14000000,0.30955,0.31120000000000003,0.30525,0.29815,0.3223
2020-12-14 20:00:00,0.3142,0.3157,0.3132,0.3151,428140.79000000,0.31010000000000004,0.31120000000000003,0.30525,0.29815,0.3217
2020-12-14 21:00:00,0.3151,0.3157,0.3112,0.312,487985.23000000,0.31010000000000004,0.31120000000000003,0.30525,0.29815,0.3239
2020-12-14 22:00:00,0.3121,0.3188,0.3111,0.3187,740603.29000000,0.3115,0.31120000000000003,0.30525,0.29815,0.3249
2020-12-14 23:00:00,0.3185,0.3187,0.3122,0.3129,1589443.98000000,0.3115,0.31120000000000003,0.30525,0.29815,0.3263
2020-12-15 00:00:00,0.3129,0.318,0.3129,0.3175,706727.00000000,0.3115,0.31120000000000003,0.30525,0.29815,0.331
2020-12-15 01:00:00,0.3175,0.3238,0.3168,0.3225,965879.05000000,0.31405,0.3131,0.30525,0.29815,0.3324
2020-12-15 02:00:00,0.3225,0.3242,0.3197,0.323,1012401.67000000,0.31425000000000003,0.3133,0.30525,0.29815,0.336
2020-12-15 03:00:00,0.323,0.3237,0.3218,0.3226,489748.26000000,0.31425000000000003,0.31365,0.30525,0.29815,0.335
2020-12-15 04:00:00,0.3226,0.324,0.3159,0.3164,827235.37000000,0.31425000000000003,0.31365,0.305325,0.29815,0.328
2020-12-15 05:00:00,0.3167,0.3185,0.3132,0.3157,1119273.62000000,0.31425000000000003,0.31365,0.305325,0.29815,0.3261
2020-12-15 06:00:00,0.3156,0.3173,0.3147,0.3162,350500.92000000,0.31425000000000003,0.31365,0.30627499999999996,0.29815,0.3245
2020-12-15 07:00:00,0.316,0.3199,0.3158,0.3192,597484.09000000,0.31425000000000003,0.31365,0.30627499999999996,0.29815,0.3298
2020-12-15 08:00:00,0.3194,0.3273,0.3187,0.3253,1954476.39000000,0.31579999999999997,0.3152,0.30627499999999996,0.29815,0.3324
2020-12-15 09:00:00,0.3251,0.3292,0.3205,0.3275,1685938.87000000,0.31789999999999996,0.31615,0.30627499999999996,0.29815,0.3387
2020-12-15 10:00:00,0.3277,0.3293,0.3252,0.3288,1022925.62000000,0.31965,0.3162,0.30627499999999996,0.29815,0.3418
2020-12-15 11:00:00,0.3288,0.3289,0.3262,0.3275,628270.60000000,0.3202,0.3162,0.30655,0.29815,0.3389
2020-12-15 12:00:00,0.3276,0.3297,0.3265,0.3279,822040.74000000,0.3204,0.3164,0.3066,0.29815,0.338
2020-12-15 13:00:00,0.3279,0.3369,0.3275,0.3344,1563079.36000000,0.32399999999999995,0.31999999999999995,0.3066,0.29815,0.3405
2020-12-15 14:00:00,0.3344,0.3353,0.3308,0.3309,1154814.82000000,0.32399999999999995,0.31999999999999995,0.30735,0.29815,0.3423
2020-12-15 15:00:00,0.3308,0.336,0.3308,0.3346,688873.04000000,0.32399999999999995,0.31999999999999995,0.30724999999999997,0.29815,0.3418
2020-12-15 16:00:00,0.3347,0.3393,0.3318,0.3377,1772604.25000000,0.3252,0.3212,0.3074,0.29815,0.3383
2020-12-15 17:00:00,0.3379,0.3394,0.3348,0.3391,914300.66000000,0.32525,0.32125,0.30745,0.29815,0.3396
2020-12-15 18:00:00,0.3393,0.34,0.3334,0.3338,772085.07000000,0.3261,0.32155,0.310775,0.29815,0.3467
2020-12-15 19:00:00,0.3338,0.3382,0.3336,0.3359,1110816.17000000,0.32645,0.32155,0.3106,0.29815,0.3432
2020-12-15 20:00:00,0.3363,0.3369,0.3329,0.3338,864588.88000000,0.3266,0.32155,0.31020000000000003,0.29815,0.341
2020-12-15 21:00:00,0.334,0.3344,0.3287,0.3306,1468045.49000000,0.3266,0.32155,0.31035,0.29815,0.3315
2020-12-15 22:00:00,0.3306,0.332,0.3271,0.328,747247.86000000,0.3266,0.32155,0.310375,0.29815,0.3288
2020-12-15 23:00:00,0.3279,0.3301,0.3242,0.325,1382230.95000000,0.3266,0.32155,0.310375,0.29815,0.3339
2020-12-16 00:00:00,0.3251,0.3266,0.3196,0.3221,1607910.48000000,0.3266,0.32155,0.310375,0.29815,0.3313
2020-12-16 01:00:00,0.3224,0.3239,0.3174,0.3223,804841.84000000,0.32735000000000003,0.32155,0.310375,0.29815,0.3388
2020-12-16 02:00:00,0.3224,0.3263,0.3211,0.3217,552393.53000000,0.3279,0.32155,0.31065000000000004,0.29815,0.3325
2020-12-16 03:00:00,0.3217,0.3259,0.3208,0.3239,1432862.07000000,0.3287,0.32155,0.31065000000000004,0.29815,0.3298
2020-12-16 04:00:00,0.324,0.3291,0.3227,0.3249,1072577.85000000,0.3287,0.32155,0.31135,0.29815,0.3427
2020-12-16 05:00:00,0.3246,0.3285,0.3241,0.3263,555414.41000000,0.3287,0.32155,0.31135,0.29815,0.3412
2020-12-16 06:00:00,0.3262,0.3339,0.3261,0.331,665657.95000000,0.3287,0.32155,0.31135,0.29815,
2020-12-16 07:00:00,0.3309,0.336,0.3302,0.3324,1139807.05000000,0.3287,0.32155,0.313575,0.30005,
2020-12-16 08:00:00,0.3321,0.336,0.3302,0.336,581066.92000000,0.3287,0.32155,0.313775,0.30025,
2020-12-16 09:00:00,0.3357,0.3359,0.3314,0.335,1082155.70000000,0.3287,0.32155,0.31395,0.30025,
2020-12-16 10:00:00,0.335,0.3357,0.327,0.328,1898056.76000000,0.3287,0.32155,0.31395,0.30025,
2020-12-16 11:00:00,0.3282,0.3282,0.3246,0.3261,850554.46000000,0.3287,0.32155,0.31395,0.30025,
2020-12-16 12:00:00,0.3261,0.3262,0.323,0.3245,1173549.29000000,0.3287,0.32210000000000005,0.31395,0.30025,
2020-12-16 13:00:00,0.3245,0.3302,0.3223,0.3298,1472214.91000000,0.3287,0.32210000000000005,0.31395,0.30025,
2020-12-16 14:00:00,0.3295,0.3336,0.3283,0.3324,2865199.14000000,0.3278,0.32210000000000005,0.3155,0.30179999999999996,
2020-12-16 15:00:00,0.3327,0.34,0.332,0.3387,1675535.00000000,0.3287,0.32210000000000005,0.317025,0.30274999999999996,
2020-12-16 16:00:00,0.339,0.3446,0.3384,0.3418,2265517.40000000,0.331,0.3244,0.317925,0.30279999999999996,
2020-12-16 17:00:00,0.3418,0.3418,0.3354,0.3389,2252122.01000000,0.331,0.32445,0.3182,0.30279999999999996,
2020-12-16 18:00:00,0.3388,0.3405,0.3371,0.338,1076990.12000000,0.331,0.32445,0.3184,0.303,
2020-12-16 19:00:00,0.3381,0.3415,0.3381,0.3405,491511.55000000,0.331,0.32445,0.32199999999999995,0.3066,
2020-12-16 20:00:00,0.3405,0.3426,0.3392,0.3423,1009526.63000000,0.331,0.32445,0.32199999999999995,0.3066,
2020-12-16 21:00:00,0.3423,0.3448,0.3405,0.3418,1232078.52000000,0.3328,0.32455,0.32199999999999995,0.3066,
2020-12-16 22:00:00,0.3421,0.3436,0.3372,0.3383,1068729.80000000,0.3328,0.32455,0.3232,0.30779999999999996,
2020-12-16 23:00:00,0.3382,0.3403,0.335,0.3396,2041078.65000000,0.33355,0.32455,0.32325,0.30784999999999996,
2020-12-17 00:00:00,0.3398,0.3469,0.3398,0.3467,2274261.71000000,0.3346,0.3256,0.32382500000000003,0.30815000000000003,
2020-12-17 01:00:00,0.3468,0.3494,0.3431,0.3432,1284062.23000000,0.33585,0.32799999999999996,0.324,0.30815000000000003,
2020-12-17 02:00:00,0.3432,0.3441,0.3388,0.341,1040868.30000000,0.33585,0.3297,0.324075,0.30815000000000003,
2020-12-17 03:00:00,0.3413,0.3417,0.3312,0.3315,1772779.57000000,0.33585,0.33025,0.324075,0.30815000000000003,
2020-12-17 04:00:00,0.3313,0.3341,0.3287,0.3288,1647859.07000000,0.33585,0.33025,0.324075,0.30815000000000003,
2020-12-17 05:00:00,0.3288,0.3343,0.3285,0.3339,765036.69000000,0.33585,0.33025,0.324075,0.30815000000000003,
2020-12-17 06:00:00,0.334,0.334,0.3303,0.3313,1390091.74000000,0.33585,0.33025,0.324075,0.30815000000000003,
2020-12-17 07:00:00,0.3311,0.339,0.3308,0.3388,1192303.68000000,0.33585,0.33025,0.32445,0.30815000000000003,
2020-12-17 08:00:00,0.3387,0.339,0.3308,0.3325,1297134.01000000,0.33585,0.33025,0.32472500000000004,0.30815000000000003,
2020-12-17 09:00:00,0.3326,0.334,0.3236,0.3298,4296971.33000000,0.3365,0.33025,0.325125,0.30815000000000003,
2020-12-17 10:00:00,0.3298,0.3474,0.3295,0.3427,4516739.83000000,0.3365,0.3308,0.325125,0.30815000000000003,
2020-12-17 11:00:00,0.3429,0.3429,0.3399,0.3412,557799.09000000,0.3365,0.33115,0.325125,0.30815000000000003,
2020-12-17 12:00:00,,,,,,,,0.325125,0.30815000000000003,
2020-12-17 13:00:00,,,,,,,,0.325125,0.30815000000000003,
2020-12-17 14:00:00,,,,,,,,0.325125,0.30815000000000003,
2020-12-17 15:00:00,,,,,,,,0.325125,0.30815000000000003,
2020-12-17 16:00:00,,,,,,,,0.325125,0.3083,
2020-12-17 17:00:00,,,,,,,,0.325125,0.3083,
2020-12-17 18:00:00,,,,,,,,0.3254,0.311,
2020-12-17 19:00:00,,,,,,,,0.3254,0.311,
2020-12-17 20:00:00,,,,,,,,0.32495,0.311,
2020-12-17 21:00:00,,,,,,,,0.3254,0.311,
2020-12-17 22:00:00,,,,,,,,0.3277,0.3133,
2020-12-17 23:00:00,,,,,,,,0.32772500000000004,0.31385,
2020-12-18 00:00:00,,,,,,,,0.32772500000000004,0.31395,
2020-12-18 01:00:00,,,,,,,,0.32772500000000004,0.31395,
2020-12-18 02:00:00,,,,,,,,0.32772500000000004,0.31545,
2020-12-18 03:00:00,,,,,,,,0.328675,0.31615,
2020-12-18 04:00:00,,,,,,,,0.328675,0.31645,
2020-12-18 05:00:00,,,,,,,,0.32905,0.31655,
2020-12-18 06:00:00,,,,,,,,0.3301,0.32465,
2020-12-18 07:00:00,,,,,,,,0.33192499999999997,0.32589999999999997,
2020-12-18 08:00:00,,,,,,,,0.332775,0.32589999999999997,
2020-12-18 09:00:00,,,,,,,,0.33304999999999996,0.32589999999999997,
2020-12-18 10:00:00,,,,,,,,0.33304999999999996,0.32589999999999997,
2020-12-18 11:00:00,,,,,,,,0.33304999999999996,0.32589999999999997,
2020-12-18 12:00:00,,,,,,,,0.33304999999999996,0.32589999999999997,
2020-12-18 13:00:00,,,,,,,,0.33304999999999996,0.32589999999999997,
2020-12-18 14:00:00,,,,,,,,0.33304999999999996,0.32589999999999997,
2020-12-18 15:00:00,,,,,,,,0.333375,0.32589999999999997,
2020-12-18 16:00:00,,,,,,,,0.33365,0.32589999999999997,
2020-12-18 17:00:00,,,,,,,,0.33382500000000004,0.32589999999999997,
